episode,train_reward,steps,loss,epsilon,eval_avg_reward,eval_avg_latency,eval_sla_rate,eval_avg_cost,elapsed_sec
50,-96.5386,200,0.11752,0.7783,-60.2508,9346.7,55.75,1.817171,46.7
100,-85.4517,200,0.223374,0.6058,-58.3571,7069.26,46.23,0.840134,103.2
150,-79.306,200,0.165348,0.4715,-54.2309,6286.11,44.5,0.777548,164.0
200,-59.6835,200,0.133435,0.367,-51.1654,6629.09,46.17,0.599764,298.7
