episode,train_reward,steps,loss,epsilon,eval_avg_reward,eval_avg_latency,eval_sla_rate,eval_avg_cost,elapsed_sec
50,-108.2066,200,0.098496,0.7783,-65.3775,8080.61,47.55,1.234843,52.7
100,-81.7314,200,0.129816,0.6058,-62.7107,7255.47,45.07,0.81389,104.7
150,-77.295,200,0.138845,0.4715,-47.9999,8162.76,55.15,1.144821,158.6
200,-59.1057,200,0.121281,0.367,-49.0936,7388.03,51.68,1.045952,212.9
